id,category,title,simpsons_episode,season,episode,start,end,notes
IS001,itchy_scratchy,Untitled (dynamite pin-up),The Bart Simpson Show,shorts,,,,Tracey Ullman short
IS002,itchy_scratchy,Untitled (Christmas special),Simpson Christmas,shorts,,,,Tracey Ullman short; non-violent
IS003,itchy_scratchy,Untitled (mouse hole bomb),There's No Disgrace Like Home,1,4,,,first appearance in the series proper
IS004,itchy_scratchy,Burning Love,Krusty Gets Busted,1,12,,,
IS005,itchy_scratchy,Let Them Eat Scratchy,"Bart Gets an ""F""",2,1,,,
IS006,itchy_scratchy,Sundae Bloody Sundae,"Oh Brother, Where Art Thou?",2,15,,,
IS007,itchy_scratchy,Field of Screams,Itchy & Scratchy & Marge,2,9,,,
IS008,itchy_scratchy,Hold That Feline,Itchy & Scratchy & Marge,2,9,,,
IS009,itchy_scratchy,Itchy & Scratchy on Ice,Itchy & Scratchy & Marge,2,9,,,
IS010,itchy_scratchy,Kitchen Kut-Ups,Itchy & Scratchy & Marge,2,9,,,
IS011,itchy_scratchy,Messenger of Death,Itchy & Scratchy & Marge,2,9,,,
IS012,itchy_scratchy,Porch Pals,Itchy & Scratchy & Marge,2,9,,,sanitised lemonade version
IS013,itchy_scratchy,Untitled (bombs for eyes),Itchy & Scratchy & Marge,2,9,,,
IS014,itchy_scratchy,Untitled (rigged grave),Itchy & Scratchy & Marge,2,9,,,
IS015,itchy_scratchy,Untitled (bigger guns / into the sun),Itchy & Scratchy & Marge,2,9,,,
IS016,itchy_scratchy,Untitled (dance),Itchy & Scratchy & Marge,2,9,,,sanitised era
IS017,itchy_scratchy,Untitled (bedtime story),Itchy & Scratchy & Marge,2,9,,,sanitised era
IS018,itchy_scratchy,Bang the Cat Slowly,Stark Raving Dad,3,1,,,
IS019,itchy_scratchy,Cat Splat Fever,Radio Bart,3,13,,,
IS020,itchy_scratchy,Field of Screams,"Like Father, Like Clown",3,6,,,different short from IS007
IS021,itchy_scratchy,House of Pain (This Old Mouse),Burns Verkaufen der Kraftwerk,3,11,,,
IS022,itchy_scratchy,I'm Getting Buried in the Morning,Bart's Friend Falls in Love,3,23,,,
IS023,itchy_scratchy,My Dinner with Itchy,Homer Defined,3,5,,,
IS024,itchy_scratchy,O Solo Meow,When Flanders Failed,3,3,,,
IS025,itchy_scratchy,Untitled (Scratchy on fire),When Flanders Failed,3,3,,,
IS026,itchy_scratchy,The Sounds of Silencers,Bart the Murderer,3,4,,,
IS027,itchy_scratchy,100 Yard Gash,Lisa's First Word,4,10,,,
IS028,itchy_scratchy,Dazed and Contused,The Front,4,19,,,
IS029,itchy_scratchy,Little Barbershop of Horrors,The Front,4,19,,,Bart & Lisa's script
IS030,itchy_scratchy,Screams from a Mall,The Front,4,19,,,
IS031,itchy_scratchy,Flay Me to the Moon,Homer the Heretic,4,3,,,
IS032,itchy_scratchy,Germs of Endearment,Marge in Chains,4,21,,,
IS033,itchy_scratchy,Kitty-Kitty Bang-Bang,Brother from the Same Planet,4,14,,,
IS034,itchy_scratchy,My Bloody Valentine,I Love Lisa,4,15,,,
IS035,itchy_scratchy,Steamboat Itchy,Itchy & Scratchy: The Movie,4,6,,,1928 Steamboat Willie parody
IS036,itchy_scratchy,That Happy Cat,Itchy & Scratchy: The Movie,4,6,,,Scratchy solo short
IS037,itchy_scratchy,Untitled (WWII propaganda),Itchy & Scratchy: The Movie,4,6,,,shown within Eye on Springfield
IS038,itchy_scratchy,Untitled (Oliver Stone / Ruby-Oswald),Whacking Day,4,20,,,
IS039,itchy_scratchy,Aaahhh! Wilderness!,Boy-Scoutz 'n the Hood,5,8,,,
IS040,itchy_scratchy,The Buck Chops Here,Burns' Heir,5,18,,,
IS041,itchy_scratchy,Burning Down the Mouse,Homer Goes to College,5,3,,,
IS042,itchy_scratchy,Scar Trek: The Next Laceration,Deep Space Homer,5,15,,,
IS043,itchy_scratchy,Spay Anything,Cape Feare,5,2,,,
IS044,itchy_scratchy,Four Funerals and a Wedding,A Star Is Burns,6,18,,,
IS045,itchy_scratchy,The Last Traction Hero,Itchy & Scratchy Land,6,4,,,
IS046,itchy_scratchy,Pinitchio,Itchy & Scratchy Land,6,4,,,
IS047,itchy_scratchy,Scratchtasia,Itchy & Scratchy Land,6,4,,,
IS048,itchy_scratchy,Planet of the Aches,Bart of Darkness,6,1,,,
IS049,itchy_scratchy,Esophagus Now,Lisa the Vegetarian,7,5,,,
IS050,itchy_scratchy,Foster Pussycat! Kill! Kill!,Home Sweet Homediddly-Dum-Doodily,7,3,,,
IS051,itchy_scratchy,Itchy & Scratchy Meet Fritz the Cat,The Day the Violence Died,7,18,,,
IS052,itchy_scratchy,Manhattan Madness,The Day the Violence Died,7,18,,,Chester Lampwick's original
IS053,itchy_scratchy,Remembrance of Things Slashed,The Day the Violence Died,7,18,,,
IS054,itchy_scratchy,Untitled (God squashes Scratchy),The Day the Violence Died,7,18,,,
IS055,itchy_scratchy,Skinless in Seattle,Bart Sells His Soul,7,4,,,
IS056,itchy_scratchy,The Beagle Has Landed,The Itchy & Scratchy & Poochie Show,8,14,,,Poochie debut
IS057,itchy_scratchy,Why Do Fools Fall in Lava?,The Itchy & Scratchy & Poochie Show,8,14,,,
IS058,itchy_scratchy,Untitled (pool balls for eyes),The Itchy & Scratchy & Poochie Show,8,14,,,focus group clip
IS059,itchy_scratchy,Untitled (Poochie's death),The Itchy & Scratchy & Poochie Show,8,14,,,
IS060,itchy_scratchy,Untitled (arrow and acid tank),The Itchy & Scratchy & Poochie Show,8,14,,,
IS061,itchy_scratchy,Deaf Comedy Blam!,In Marge We Trust,8,22,,,
IS062,itchy_scratchy,"Good Cats, Bad Choices",Bart After Dark,8,5,,,
IS063,itchy_scratchy,Reservoir Cats,Simpsoncalifragilisticexpiala(Annoyed Grunt)cious,8,13,,,
IS064,itchy_scratchy,The Glass Moan-agerie,Girly Edition,9,21,,,
IS065,itchy_scratchy,Candle in the Wound,Treehouse of Horror IX,10,4,,,
IS066,itchy_scratchy,The Tears of a Clone,Little Big Mom,11,10,,,
IS067,itchy_scratchy,From Here to Infirmity,HOMR,12,9,,,episode title is stylised HOMЯ
IS068,itchy_scratchy,Butter Off Dead,Little Girl in the Big Ten,13,20,,,
IS069,itchy_scratchy,Circus of the Scars,The Bart Wants What It Wants,13,11,,,
IS070,itchy_scratchy,Par for the Corpse,Blame It on Lisa,13,15,,,
IS071,itchy_scratchy,To Kill a Talking Bird,Jaws Wired Shut,13,9,,,
IS072,itchy_scratchy,Bleeder of the Pack,C.E. D'oh,14,15,,,
IS073,itchy_scratchy,The Battle of Slaughter-Loo,The Wandering Juvie,15,,,,
IS074,itchy_scratchy,A Briss Before Dying,Today I Am a Clown,15,,,,
IS075,itchy_scratchy,Moo Goo Gai Pain,Milhouse Doesn't Live Here Anymore,15,12,,,
IS076,itchy_scratchy,"What's Nuked, Pussycat?",Fraudcast News,15,22,,,
IS077,itchy_scratchy,Kitty-Kill Condition,The Heartbroke Kid,16,17,,,
IS078,itchy_scratchy,Untitled (Cats the musical),The Girl Who Slept Too Little,17,2,,,
IS079,itchy_scratchy,Untitled (Krusty dubs the voices),You Kent Always Say What You Want,18,22,,,
IS080,itchy_scratchy,Come Flay with Me,He Loves to Fly and He D'ohs,19,1,,,
IS081,itchy_scratchy,Spherical on 34th Street,Funeral for a Fiend,19,8,,,
IS082,itchy_scratchy,The Un-Natural,I Don't Wanna Know Why the Caged Bird Sings,19,4,,,
IS083,itchy_scratchy,diePod Slaylist,MyPods and Boomsticks,20,7,,,
IS084,itchy_scratchy,Koyaanis-Scratchy: Death Out of Balance,Stealing First Base,21,15,,,
IS085,itchy_scratchy,Mouse M.D.,Postcards from the Wedge,21,14,,,
IS086,itchy_scratchy,Untitled (cannon),"Bart Gets a ""Z""",21,2,,,
IS087,itchy_scratchy,Ain't I a Stinger?,Homer the Father,22,12,,,
IS088,itchy_scratchy,Dogday Hellody of 1933,How Munched Is That Birdie in the Window?,22,7,,,
IS089,itchy_scratchy,The Great Brawl of China,Angry Dad: The Movie,22,14,,,
IS090,itchy_scratchy,Hoop Screams,"Lisa Simpson, This Isn't Your Life",22,5,,,
IS091,itchy_scratchy,P.U.,Loan-a Lisa,22,2,,,
IS092,itchy_scratchy,Black & Blue Swan,The Ten-Per-Cent Solution,23,8,,,
IS093,itchy_scratchy,The Cat's Speech,The Ten-Per-Cent Solution,23,8,,,
IS094,itchy_scratchy,The Social Petwork,The Ten-Per-Cent Solution,23,8,,,
IS095,itchy_scratchy,"Roses Are Red, Violence Is Due",The Daughter Also Rises,23,13,,,
IS096,itchy_scratchy,Untitled (Frankenstein),Replaceable You,23,4,,,
IS097,itchy_scratchy,Cat's in the Cradle,Labor Pains,25,5,,,
IS098,itchy_scratchy,Catatouille,Pay Pal,25,21,,,
IS099,itchy_scratchy,Downton Tabby,The Winter of His Content,25,14,,,
IS100,itchy_scratchy,It's a Wonderful Knife,White Christmas Blues,25,8,,,
IS101,itchy_scratchy,"Rasta, Pussycat! Kill! Kill!",Yellow Subterfuge,25,7,,,
IS102,itchy_scratchy,Breaking Dad,Clown in the Dumps,26,1,,,
IS103,itchy_scratchy,Remember the Alimony,Every Man's Dream,27,1,,,
IS104,itchy_scratchy,The Bashin' of the Christ,The Nightmare After Krustmas,28,10,,,
IS105,itchy_scratchy,Cat-Sup,Looking for Mr. Goodbart,28,20,,,
IS106,itchy_scratchy,Dancing with the Scars,Kamp Krustier,28,16,,,
IS107,itchy_scratchy,The Garfield Assassination,The Cad and the Hat,28,15,,,
IS108,itchy_scratchy,Mousetrapping a Murderer,Trust but Clarify,28,5,,,
IS109,itchy_scratchy,Leave It To Cleaver,No Good Read Goes Unpunished,29,15,,,
IS110,itchy_scratchy,Death Shawarma-ed Over,Krusty the Clown,30,8,,,
IS111,itchy_scratchy,Pitchfork Perfect,Bart vs. Itchy & Scratchy,30,18,,,
IS112,itchy_scratchy,Untitled (brain drill),Daddicus Finch,30,9,,,
IS113,itchy_scratchy,Untitled (fan boat crocodile),Manger Things,32,16,,,
IS114,itchy_scratchy,D'oh Piercer,Treehouse of Horror XXXII,33,3,,,
IS115,itchy_scratchy,The Great British Slaying Show,Bartless,34,15,,,wiki flags as title-only; verify
IS116,itchy_scratchy,Olympic Pains,Estranger Things,36,18,,,
IS117,itchy_scratchy,Open Sesame Street,Estranger Things,36,18,,,
IS118,itchy_scratchy,Untitled (hammock / electrified toilet),Estranger Things,36,18,,,
IS119,itchy_scratchy,Untitled (police / Singin' in the Rain),Estranger Things,36,18,,,
IS120,itchy_scratchy,Untitled (organs with an oar),Estranger Things,36,18,,,
